{
  "coeffs": [
    0.0,
    0.0,
    0.0,
    0.0,
    0.0
  ],
  "fx": 423.1379089355469,
  "fy": 423.1379089355469,
  "height": 480,
  "model": 4,
  "ppx": 425.8970031738281,
  "ppy": 236.7584991455078,
  "width": 848
}
