{
  "pcd_components": [
    {
      "filename": [
        "../pcd/pointclouds_from_030627_09062021/0.pcd",
        "../pcd/pointclouds_from_030627_09062021/1.pcd",
        "../pcd/pointclouds_from_030627_09062021/2.pcd",
        "../pcd/pointclouds_from_030627_09062021/3.pcd"
      ],
      "trans2reg": [
        1.0,
        0.0,
        0.0,
        0.0,
        0.0,
        1.0,
        0.0,
        0.0,
        0.0,
        0.0,
        1.0,
        0.0,
        0.0,
        0.0,
        0.0,
        1.0
      ]
    },
    {
      "filename": [
        "../pcd/pointclouds_from_030627_09062021/0.pcd",
        "../pcd/pointclouds_from_030627_09062021/1.pcd",
        "../pcd/pointclouds_from_030627_09062021/2.pcd",
        "../pcd/pointclouds_from_030627_09062021/3.pcd"
      ],
      "trans2reg": [
        0.979872465133667,
        -0.047141484916210175,
        0.19398796558380127,
        -0.10780537873506546,
        0.044092755764722824,
        0.9988288879394531,
        0.02000405825674534,
        0.009907262399792671,
        -0.1947045773267746,
        -0.011049269698560238,
        0.9808019399642944,
        0.008375376462936401,
        0.0,
        0.0,
        0.0,
        1.0
      ]
    },
    {
      "filename": [
        "../pcd/pointclouds_from_030627_09062021/0.pcd",
        "../pcd/pointclouds_from_030627_09062021/1.pcd",
        "../pcd/pointclouds_from_030627_09062021/2.pcd",
        "../pcd/pointclouds_from_030627_09062021/3.pcd"
      ],
      "trans2reg": [
        0.9588648080825806,
        -0.034731414169073105,
        0.28174060583114624,
        -0.21384288370609283,
        0.04877486452460289,
        0.9978887438774109,
        -0.04299064353108406,
        -0.0017061694525182247,
        -0.2796524167060852,
        0.054960139095783234,
        0.9585278034210205,
        0.034361258149147034,
        0.0,
        0.0,
        0.0,
        1.0
      ]
    },
    {
      "filename": [
        "../pcd/pointclouds_from_030627_09062021/0.pcd",
        "../pcd/pointclouds_from_030627_09062021/1.pcd",
        "../pcd/pointclouds_from_030627_09062021/2.pcd",
        "../pcd/pointclouds_from_030627_09062021/3.pcd"
      ],
      "trans2reg": [
        0.9253339171409607,
        -0.06058412417769432,
        0.3742995262145996,
        -0.2980366051197052,
        0.08642566204071045,
        0.9948745965957642,
        -0.052633434534072876,
        -0.02568037062883377,
        -0.36919039487838745,
        0.08104858547449112,
        0.9258161187171936,
        0.07667376101016998,
        0.0,
        0.0,
        0.0,
        1.0
      ]
    }
  ]
}
