{
  "coeffs": [
    0.0,
    0.0,
    0.0,
    0.0,
    0.0
  ],
  "fx": 638.69873046875,
  "fy": 638.69873046875,
  "height": 720,
  "model": 4,
  "ppx": 642.8634033203125,
  "ppy": 355.107177734375,
  "width": 1280
}
